tweet_translated_tokenized,sentiment,NB_Negativo,NB_Neutral,NB_Positivo,SVM_Negativo,SVM_Neutral,SVM_Positivo,DF_Negativo,DF_Neutral,DF_Positivo,MaxEnt_Negativo,MaxEnt_Neutral,MaxEnt_Positivo
"['hiding', 'communist', 'deals', 'chunks', 'yes', 'saw', 'ex', 'anything', 'swear']",Neutral,0.07103709617488768,0.8718660187633253,0.057096885061788075,0.05268279775287852,0.7868848247238228,0.16043237752329853,0.0,1.0,0.0,0.07860891617407084,0.8521562345015647,0.06923484932436436
"['crinshboi', 'spinoff', 'rohan', 'live', 'action']",Neutral,0.07679619421694008,0.8692858224293438,0.05391798335371786,0.06437116830533918,0.8532963507591915,0.08233248093546944,0.0,1.0,0.0,0.08555018127811674,0.8538777558704961,0.060572062851387075
['talk'],Neutral,0.08770067770270792,0.8580681741326952,0.054231148164596746,0.07057192794201067,0.8927584246562461,0.03666964740174308,0.0,1.0,0.0,0.07452504640645267,0.8807088876714076,0.04476606592213976
"['open', 'break', 'sanchez', 'cabinet', 'leave', 'pp', 'going', 'lead', 'opposition', 'already', 'venezuela', 'europe', 'mud', 'included', 'everything']",Neutral,0.045360419919731734,0.9312595767781516,0.023380003302116856,0.04474114726317515,0.939076823383597,0.01618202935322761,0.0,1.0,0.0,0.05963021365528786,0.9081762556798803,0.03219353066483189
"['also', 'sang', 'gotta', 'feeling', 'omg', 'cringe', 'always', 'produced', 'song', 'reason']",Neutral,0.0748298746203777,0.8737746284613492,0.051395496918274726,0.08759390399427296,0.8371954955936156,0.07521060041211126,1.0,0.0,0.0,0.08724709045647605,0.8511251188184137,0.06162779072511034
"['fuck', 'around', 'sing', 'yesterday', 'violet', 'hill', 'want', 'way', 'even', 'hit', 'teacher', 'wanted', 'us', 'dramatize', 'madonna', 'music', 'video', 'book', 'asks', 'ended', 'singing', 'whatever', 'wanted', 'even', 'remember', 'sang', 'time']",Neutral,0.03420183907479702,0.9514225581334516,0.014375602791754838,0.1172209570255806,0.8656536808601129,0.01712536211430624,0.0,1.0,0.0,0.07275359057120338,0.8936573275057269,0.033589081923069586
"['great', 'challenges', 'science', 'st', 'century', 'find', 'cure', 'cancer', 'aids', 'math', 'problems', 'millennium', 'unify', 'quantum', 'physics', 'relativistic', 'physics', 'get', 'windows', 'mode']",Neutral,0.08546688001819303,0.8643226149781464,0.05021050500366128,0.10110834627268103,0.864691510947522,0.034200142779797174,0.0,1.0,0.0,0.07080317774558677,0.8883501938899926,0.04084662836442066
"['deneyberlara', 'saw', 'incredibles', 'black', 'panther', 'spankbang']",Neutral,0.09256517982586546,0.8493717861845081,0.05806303398962535,0.04140397407941706,0.9315742147660944,0.027021811154488568,0.0,1.0,0.0,0.06605478748465887,0.8935163968556873,0.04042881565965396
"['damn', 'neanderthal', 'microsoft', 'said', 'good', 'idea', 'compete', 'chrome', 'os', 'making', 'version', 'shutting', 'entire', 'system', 'empty', 'burned', 'microsoft', 'store', 'steve', 'balmer', '—arturo', 'canga', 'newly', 'admitted', 'microsoft', 'student', 'partner', 'program']",Neutral,0.05101656307994362,0.9168186464548922,0.032164790465167674,0.04418823739289186,0.9268296301930042,0.02898213241410412,0.0,1.0,0.0,0.05655770630095322,0.9074384477537378,0.0360038459453089
"['untalsiso', 'ugly', 'wave', 'yes', 'laughs', 'well', 'give', 'retro']",Positivo,0.05402944886182748,0.9094033991318556,0.03656715200631669,0.08038446152420647,0.7416487867677626,0.17796675170803106,0.0,1.0,0.0,0.08994434837266117,0.8364732418002343,0.07358240982710455
"['started', 'downloading', 'oscar', 'nominees', 'cantv', 'painted', 'dove', 'days', 'downloading', 'irishman', 'kb', 'still', 'queue']",Neutral,0.09455058292310872,0.8478576745192565,0.057591742557635876,0.047675502396798325,0.925013113280538,0.027311384322663626,0.0,1.0,0.0,0.06581346325857414,0.8948987405464127,0.039287796195013075
"['started', 'badly', 'got', 'better', 'ended', 'badly', 'started', 'well', 'got', 'worse', 'ended', 'well', 'thus', 'ends', 'another', 'semester', 'ucab', 'guayana']",Neutral,0.02842166948862317,0.9533457089917496,0.01823262151962675,0.07341473071503825,0.8561059640787981,0.07047930520616373,0.0,1.0,0.0,0.07223828002240887,0.8778612675122115,0.04990045246537969
"['google', 'translate', 'trump', 'spanish', 'peo', 'mine']",Neutral,0.08443631654830677,0.8687829855770054,0.04678069787468709,0.07501400008578653,0.8948891424282479,0.030096857485965463,0.0,1.0,0.0,0.07843152851077219,0.8788664633457625,0.04270200814346541
"['anthxnyb', 'look', 'want', 'see', 'movies', 'interested', 'oscars']",Neutral,0.040042173252882285,0.9396768883681164,0.02028093837899992,0.07757713717817777,0.8948678665458634,0.027554996275958855,0.0,1.0,0.0,0.08437092527817888,0.8705973886060716,0.045031686115749515
"['yes', 'mom', 'aids', 'anxiety', 'partials', 'due', 'bad', 'academic', 'record', 'fear', 'think', 'suffer', 'apparent', 'add']",Negativo,0.0916462733550098,0.8647161820639347,0.04363754458105639,0.5861033098591062,0.26231056382626544,0.15158612631462845,0.0,1.0,0.0,0.1660052264696455,0.7516901183499702,0.08230465518038431
"['university', 'took', 'without', 'asking', 'help']",Neutral,0.02477126035996009,0.9572653670794764,0.01796337256056272,0.050171895868025236,0.8625051667366824,0.08732293739529252,0.0,1.0,0.0,0.06172835518142169,0.8897207875943866,0.04855085722419165
"['classmate', 'school', 'asked', 'heard', 'blink', 'told', 'listen', 'reggaeton', 'used', 'rock', 'grief', 'went', 'day', 'made', 'open', 'musical', 'genre']",Neutral,0.0457661965125224,0.9287758949596824,0.025457908527793928,0.06257821292424183,0.9115427477028168,0.02587903937294121,0.0,1.0,0.0,0.06339962835805522,0.9006833083686865,0.0359170632732583
"['well', 'another', 'torrent', 'list']",Neutral,0.05326901305932714,0.9081007224619326,0.03863026447873977,0.07809497865918744,0.7760693334768625,0.14583568786395024,0.0,1.0,0.0,0.09123532802174388,0.8380461238898258,0.07071854808843024
"['bitter', 'drinks', 'took', 'despite', 'finished', 'race', 'usb', 'forever', 'left', 'important', 'beautiful', 'mark', 'life', 'miss', 'grama', 'miss', 'bule', 'miss', 'chispa', 'miss', 'little', 'house', 'miss', 'sartenejas', 'idea']",Neutral,0.060188043282629215,0.8983664483755059,0.04144550834186478,0.03408057069879758,0.9010307608842184,0.06488866841698378,0.0,1.0,0.0,0.06577834430853988,0.8875926216582917,0.046629034033168426
"['panama', 'separated', 'colombia']",Neutral,0.11527438199698825,0.8129232478990169,0.0718023701039942,0.06643731128218963,0.897470111793516,0.03609257692429437,0.0,1.0,0.0,0.07461745348760886,0.8805587034551516,0.04482384305723959
"['cicpc', 'makes', 'police', 'portraits', 'miis']",Neutral,0.09764071240644816,0.841244575269241,0.06111471232430946,0.051387741390137485,0.9173419249456084,0.031270333664254,0.0,1.0,0.0,0.06813322489320535,0.8902802524338599,0.04158652267293479
"['edul', 'power', 'ugly', 'wave', 'transcends', 'language', 'barrier']",Neutral,0.10243958535053606,0.8401494685063559,0.05741094614310815,0.09981860771831384,0.8702507300922131,0.02993066218947308,0.0,1.0,0.0,0.08016836471194234,0.8762214439096854,0.043610191378372305
"['meanwhile', 'mcdonald', 'venezuela', 'charge', 'cover', 'ramos', 'allup', 'taking', 'mcflurrys', 'cover', 'chaotic', 'events', 'country']",Neutral,0.07130290123613865,0.8839493907405228,0.044747708023338384,0.029550720924914026,0.949873041969126,0.02057623710596002,0.0,1.0,0.0,0.058518589208419985,0.9048891467722685,0.0365922640193116
"['tritti', 'needs', 'hallucinogenic', 'drugs', 'tiktok']",Neutral,0.11252754203945893,0.8170294892332444,0.0704429687272968,0.056732268833206485,0.9109257047506892,0.032342026416104445,0.0,1.0,0.0,0.07072461783789338,0.8864620628815633,0.0428133192805433
"['downloaded', 'oscar', 'nominees', 'except', 'little', 'women', 'see', 'anything', 'interesting', 'anyone', 'something', 'say', 'speak', 'download']",Neutral,0.033899146254150116,0.9407805730289628,0.025320280716886003,0.025319549506135432,0.925700360300724,0.04898009019314042,0.0,1.0,0.0,0.05208933843827241,0.9067814120271039,0.04112924953462355
"['medicenelgordoo', 'ujperez', 'civil', 'like', 'hello', 'yes', 'turn', 'pm', 'offer', 'nrc', 'first', 'time', 'greetings']",Neutral,0.03514225497875036,0.9365732590531652,0.028284485968085707,0.03110263546218965,0.8624249669150187,0.10647239762279184,0.0,1.0,0.0,0.06123405145882344,0.880586362828579,0.058179585712597605
"['damn', 'kind', 'buy', 'graphics', 'card']",Positivo,0.12085474092196605,0.8214285860107484,0.057716673067284126,0.22256572346128675,0.7363847403289927,0.0410495362097205,1.0,0.0,0.0,0.1039924828697029,0.8473362954069635,0.048671221723333574
"['informatics', 'principle', 'either', 'somalia', 'italian', 'city', 'state', 'black', 'death', 'everyone', 'dies', 'killed', 'nothing', 'done', 'go', 'life', 'hope', 'turn', 'next']",Neutral,0.04206766290252019,0.9408025939914828,0.017129743105999892,0.404061998565182,0.5493604774383954,0.04657752399642257,1.0,0.0,0.0,0.11804515776123248,0.8316620910420707,0.05029275119669683
"['daft', 'punk', 'sin', 'los', 'cascos', 'ft', 'pharrell', 'williams']",Neutral,0.15378329017444814,0.7493785338844277,0.09683817594112497,0.06647720836826228,0.8974246594234195,0.03609813220831835,0.0,1.0,0.0,0.07427380737627509,0.8810698496002622,0.044656343023462525
"['anthxnyb', 'grasia', 'poliedro']",Neutral,0.08178150959372893,0.8672829475217085,0.05093554288456288,0.06198601413512229,0.9034981793288924,0.03451580653598558,0.0,1.0,0.0,0.06825169152709795,0.8902543421512865,0.04149396632161551
"['untalsiso', 'chocolates', 'el', 'rey', 'gt', 'everything']",Neutral,0.05115862427114056,0.9188350651614864,0.030006310567373767,0.02788824316572458,0.9555088832546812,0.016602873579594085,0.0,1.0,0.0,0.06001060827216298,0.9029554925121079,0.03703389921572924
"['th', 'st', 'talking', 'project', 'partner', 'seeing', 'know', 'shit', 'everything']",Neutral,0.05702149615639681,0.9180516787875332,0.024926825056070363,0.283981211706931,0.6792425124195641,0.03677627587350491,0.0,1.0,0.0,0.09378713025649282,0.8663077407629091,0.039905128980597955
"['professor', 'university', 'started', 'recently', 'hated', 'students', 'semesters', 'never', 'goes', 'bitch', 'everyone', 'still', 'dump', 'pressure', 'put', 'seems', 'fucking', 'boss']",Neutral,0.03078755983608244,0.9523885391411144,0.016823901022805968,0.05791742018547436,0.9211739703117864,0.02090860950273911,0.0,1.0,0.0,0.060115339094572326,0.9060452706976305,0.03383939020779708
"['birthday', 'residence', 'people', 'neighborhood', 'came', 'began', 'fuck', 'us', 'realized', 'close', 'friend', 'family', 'residence', 'robbed', 'la', 'coñiza', 'armed', 'party', 'ended', 'death', 'threats', 'pistol', 'pnb', 'never', 'appeared']",Neutral,0.09109167263253902,0.8634803091081836,0.04542801825927631,0.2531513782321871,0.6923386794966103,0.05450994227120271,0.0,1.0,0.0,0.09401798197179892,0.8593500172079508,0.04663200082025036
"['still', 'partials', 'finish', 'semester', 'pain', 'back', 'super', 'son', 'bitch', 'stress', 'ends', 'monday', 'guys', 'study', 'computer', 'science']",Neutral,0.034167938656045324,0.9428973822892484,0.022934679054703963,0.037379015971930704,0.9299669204897288,0.032654063538340286,0.0,1.0,0.0,0.0522209977713879,0.9118709807716638,0.03590802145694822
"['think', 'women', 'deserve', 'recognition', 'woman', 'merits', 'feminazi', 'also', 'criteria', 'academy', 'awards', 'much', 'validity', 'today']",Neutral,0.06226481713572477,0.8995483870487465,0.038186795815527495,0.052891689121556916,0.9133097631317858,0.03379854774665708,0.0,1.0,0.0,0.06679043743785686,0.8913354069076053,0.04187415565453795
"['celebrating', 'going', 'turn', 'saime', 'mega', 'money', 'washer', 'making', 'pay', 'ids', 'passports', 'petros', 'mcdonald', 'venezuela', 'ramos', 'agostino', 'family', 'never', 'disappoint']",Neutral,0.06376110809825189,0.897981132169239,0.03825775973250859,0.025909230004669867,0.9596181252540199,0.01447264474131003,0.0,1.0,0.0,0.052975248236739186,0.9146570963104704,0.032367655452790405
"['would', 'try', 'things', 'sex', 'nah', 'yes', 'maybe', 'negative', 'procedure', 'yesquero', 'yes', 'yes', 'yes', 'attract', 'attention', 'would', 'yesk', 'depebde', 'already', 'know', 'answer', 'comment', 'emoji', 'send', 'questions']",Neutral,0.05118840042998747,0.910130571894035,0.038681027675977565,0.09070127815565136,0.5118528075440368,0.397445914300312,0.0,0.0,1.0,0.09618737673395691,0.8079824108487371,0.09583021241730598
['crinshboi'],Neutral,0.04884877124531648,0.9023584539151324,0.04879277483955133,0.03714265626890791,0.7034311827889467,0.2594261609421455,0.0,1.0,0.0,0.08143524590675945,0.8335378357876688,0.08502691830557171
"['lighthouse', 'take', 'oscars', 'suck', 'confirmed']",Neutral,0.08197331485950926,0.8738521855094091,0.04417449963108251,0.0831752471324036,0.8862064731296753,0.03061827973792107,0.0,1.0,0.0,0.07803239370280553,0.8797931922701937,0.04217441402700088
"['ricardoafranco', 'knowing', 'academy', 'give', 'lion', 'king', 'muhh', 'dinei', 'hurr']",Neutral,0.10395168017396653,0.8326190861840317,0.06342923364200316,0.05146236048706941,0.917058193084523,0.03147944642840742,0.0,1.0,0.0,0.06823083631403032,0.8909563729402775,0.04081279074569204
"['ricardoafranco', 'much', 'bet', 'autism']",Neutral,0.07804439648970056,0.8755257531361712,0.04642985037412697,0.06021536683164756,0.9092101518732664,0.030574481295086026,0.0,1.0,0.0,0.06909784769084064,0.8902767164135906,0.040625435895568725
"['hate', 'anxiety', 'attacks', 'give', 'negative', 'thoughts', 'recurring', 'possibilities', 'escape', 'choke', 'university', 'corduroy', 'destroys', 'completely']",Negativo,0.08875519882354843,0.8685440250055271,0.042700776170922834,0.16897673937478444,0.8034600324202527,0.027563228204963,0.0,1.0,0.0,0.08261888846414095,0.8777242984957379,0.03965681304012106
"['edul', 'eduardo', 'admire', 'patience', 'corduroy']",Neutral,0.0923238993950479,0.8599385197154962,0.04773758088945702,0.1054786286060041,0.867654485323675,0.02686688607032084,0.0,1.0,0.0,0.08543709243731593,0.8706870283477345,0.043875879214949676
"['attached', 'photo', 'besto', 'team', 'could', 'btw', 'great', 'reunion', 'great', 'event', 'great', 'news']",Positivo,0.08456346486490512,0.8594588644648685,0.05597767067022814,0.046402540757065666,0.9132897948664236,0.04030766437651077,0.0,1.0,0.0,0.06685724577783254,0.8897976701186658,0.04334508410350142
"['today', 'lived', 'bittersweet', 'feeling', 'excessively', 'bad', 'things', 'happened', 'morning', 'rest', 'day', 'glory', 'know', 'really', 'think']",Neutral,0.01979104686443297,0.9692493494429713,0.010959603692594062,0.13487783847410964,0.8112975145342858,0.05382464699160446,0.0,1.0,0.0,0.08363815345283131,0.8681326544616127,0.04822919208555599
"['corduroy', 'would', 'say', 'already', 'witch', 'need', 'name', 'face', 'know', 'curse', 'insanely', 'download', 'speed']",Neutral,0.01761674889833452,0.9722708608047342,0.010112390296932571,0.02171863027465665,0.9611901050744576,0.017091264650885868,0.0,1.0,0.0,0.04406401378097304,0.9275577007664858,0.028378285452541157
"['minombreeschris', 'without', 'guacuyoki', 'worth']",Neutral,0.07738786379595478,0.8788316502570929,0.04378048594695135,0.18738998724713773,0.7555570838467667,0.05705292890609564,0.0,1.0,0.0,0.09063683041522563,0.8573368651976614,0.05202630438711303
"['untalsiso', 'post', 'swearing', 'meeting', 'luis', 'parra', 'stalin', 'edgar', 'zambrano', 'ramos', 'allup']",Neutral,0.07778877564367946,0.8738652307159049,0.04834599364041607,0.04461531439240538,0.9300891305842842,0.02529555502331016,0.0,1.0,0.0,0.06162321278624759,0.8997365798156037,0.03864020739814861
['vallha'],Neutral,0.10111963425956913,0.8363513863581977,0.06252897938223348,0.07057192794201067,0.8927584246562461,0.03666964740174308,0.0,1.0,0.0,0.0758428847733051,0.8787297677704002,0.045427347456294793
"['ah', 'look', 'go', 'around', 'thinking', 'trump', 'killed', 'soleimmani', 'support', 'elections', 'challenged', 'obama', 'thing', 'years', 'ago', 'let', 'tell', 'fucking', 'idea', '\u200b\u200ball', 'shit', 'iran', 'usa', 'middle', 'east']",Neutral,0.029341591159261174,0.9577768241544476,0.012881584686291029,0.1533139976768097,0.8183406177660856,0.02834538455710452,0.0,1.0,0.0,0.0989340105948792,0.8566071980339246,0.044458791371196356
"['commies', 'iraqis', 'hate', 'us', 'destabilized', 'country', 'iran', 'control', 'cause', 'internal', 'wars', 'able', 'get', 'oil', 'intellectual']",Neutral,0.05533057843816195,0.9209478450429958,0.023721576518843025,0.1918940834520316,0.785357835148246,0.02274808139972235,0.0,1.0,0.0,0.08792805975318123,0.8739044457064725,0.038167494540346236
"['nacho', 'saying', 'contacts']",Neutral,0.09172573840846716,0.8511452075360066,0.057129054055526214,0.048786209004645024,0.9175537322021418,0.033660058793213245,0.0,1.0,0.0,0.07045954288968655,0.8867036569293011,0.042836800181012206
"['edul', 'nachored', 'well', 'need', 'see', 'nachored', 'singing', 'evangelion', 'op', 'karaoke']",Neutral,0.08203027281970833,0.8742013610481776,0.04376836613211493,0.08548445735640388,0.8834469039794548,0.03106863866414122,0.0,1.0,0.0,0.08488328567562771,0.8691896547239802,0.045927059600391944
"['crinshboi', 'lester', 'please', 'tell', 'joke', 'going', 'cry']",Positivo,0.042116641723194376,0.9309772760892864,0.02690608218751804,0.1900780913846424,0.6895931386157812,0.12032876999957655,0.0,1.0,0.0,0.1025101653795239,0.8265090065674517,0.07098082805302437
"['aaaaaaaaaaaaaaaaaa', 'explains', 'threatening', 'video', 'frank', 'underwood']",Neutral,0.0989056606796314,0.8419478835999228,0.0591464557204443,0.05628814250313552,0.9112354194101264,0.03247643808673787,0.0,1.0,0.0,0.07109166259683372,0.887066738330455,0.041841599072711205
"['ricardoafranco', 'hitler', 'said', 'speaking', 'chamberlain']",Neutral,0.063521174481297,0.8967207245860336,0.03975810093267013,0.0503216864717416,0.9212092179385868,0.028469095589671683,0.0,1.0,0.0,0.06246652350386293,0.8990852391168347,0.03844823737930251
"['bro', 'literally', 'flag', 'war', 'death']",Negativo,0.05538078235033685,0.9236079097799408,0.02101130786972037,0.3443172734059548,0.6275207104319863,0.028162016162059007,0.0,1.0,0.0,0.12105803452050173,0.833901066994344,0.045040898485154336
"['ricardoafranco', 'remind', 'national', 'socialism', 'frowned', 'upon', 'world']",Neutral,0.07513572113472017,0.8776432271560066,0.04722105170927346,0.04869837743342082,0.9249076112095054,0.02639401135707384,0.0,1.0,0.0,0.06241329482783786,0.8991277254038804,0.038458979768281776
"['law', 'school', 'advisor', 'coord', 'general', 'genucab']",Neutral,0.05425480766065785,0.9153179872445978,0.030427205094744482,0.0796145390641242,0.8958803814937407,0.024505079442134974,0.0,1.0,0.0,0.07020000353628898,0.8907935307723588,0.03900646569135231
['wircho'],Neutral,0.10111963425956913,0.8363513863581977,0.06252897938223348,0.07057192794201067,0.8927584246562461,0.03666964740174308,0.0,1.0,0.0,0.0758428847733051,0.8787297677704002,0.045427347456294793
"['edul', 'piqué', 'dance', 'shakira']",Neutral,0.10017447937192754,0.8458548766767032,0.05397064395137007,0.05129936954824222,0.9243021527247104,0.024398477727047115,0.0,1.0,0.0,0.0835665150618203,0.8719950763822922,0.04443840855588743
"['merry', 'christmas', 'fuck']",Negativo,0.12088042862317475,0.8256912594144599,0.05342831196236463,0.5207230490155403,0.4219588160468049,0.057318134937654835,1.0,0.0,0.0,0.1278943123376707,0.8191915377374155,0.05291414992491388
['rerere'],Neutral,0.10111963425956913,0.8363513863581977,0.06252897938223348,0.07057192794201067,0.8927584246562461,0.03666964740174308,0.0,1.0,0.0,0.0758428847733051,0.8787297677704002,0.045427347456294793
"['equal', 'marriage', 'adoption☑️', 'legalization', 'marijuana', '☑️', 'legalization', 'prostitution', '☑️', 'legal', 'safe', 'abortion', '☑️', 'euthanasia', '☑️', 'nuclear', 'energy', '☑️', 'vaccines', '☑️', 'inclusive', 'language', 'death', 'penalty', '☑️', 'earth', 'flat', 'carrying', 'arms', '☑️']",Neutral,0.2004041101729727,0.6883694210243142,0.11122646880271013,0.16389792634092573,0.7988248780904403,0.03727719556863388,0.0,1.0,0.0,0.09023525372292325,0.8632343331631902,0.046530413113886566
"['deneyberlara', 'nothing', 'usb', 'manía', 'would', 'like', 'talk']",Neutral,0.036384043471038977,0.941762731332936,0.02185322519602669,0.05276303449204674,0.9154527233454286,0.031784242162524866,0.0,1.0,0.0,0.06816279034545458,0.8850429547463141,0.04679425490823115
"['ricardoafranco', 'marvel', 'ambitious', 'crossover', 'history', 'balvin', 'bad', 'bunny', 'karol', 'anuel']",Neutral,0.14708702495502365,0.7842437153460188,0.06866925969895864,0.3420584498465273,0.6139905241363053,0.0439510260171674,0.0,1.0,0.0,0.11744035735552763,0.8327115285235197,0.049848114120952663
"['fuck', 'sounded', 'cdpr', 'scene', 'lacks', 'steel', 'humans', 'scene', 'tw', 'fighting', 'middle', 'novigrad']",Neutral,0.1538956725032203,0.7624341410169849,0.08367018647979632,0.1862327697129184,0.7710388712771666,0.04272835900991522,0.0,1.0,0.0,0.09224706320315118,0.860534804398699,0.04721813239814998
"['argentina', 'white']",Neutral,0.10244156047349018,0.8339516231973679,0.06360681632914271,0.07057192794201067,0.8927584246562461,0.03666964740174308,0.0,1.0,0.0,0.07458722829927528,0.8806274913607803,0.04478528033994439
"['women', 'know', 'men', 'dry', 'okay', 'sweeter', 'also', 'women']",Neutral,0.07039602115492924,0.8875101018155628,0.042093877029508495,0.048588524704285284,0.9245548689480028,0.026856606347712027,0.0,1.0,0.0,0.0678902031841211,0.8905737207589071,0.04153607605697173
"['year', 'calculus', 'ucab', 'guayana', 'teacher', 'luis', 'living', 'room']",Neutral,0.02255424207447948,0.9617632308853272,0.015682527040195102,0.030351036222992026,0.8959022660670352,0.07374669770997272,0.0,1.0,0.0,0.053755992447341194,0.9064815670488062,0.0397624405038526
"['unjodedor', 'look', 'better', 'pass', 'ham', 'bread']",Neutral,0.09873700698581467,0.8598215460843395,0.04144144692984497,0.2939339833665792,0.6739541723663368,0.03211184426708419,0.0,1.0,0.0,0.11308148120679865,0.8399370038378011,0.04698151495540013
"['ricardoafranco', 'isaac', 'segura', 'ups']",Neutral,0.11864206685197168,0.8072664846597926,0.07409144848823677,0.07044586263558854,0.8937918966740541,0.03576224069035732,0.0,1.0,0.0,0.07390738233793225,0.8816748853406564,0.04441773232141143
"['ricardoafranco', 'isaac', 'segura', 'new', 'sticker', 'less', 'week']",Neutral,0.06754124284779044,0.8939171739132334,0.03854158323897669,0.04327793866052635,0.9354907138869959,0.021231347452477727,0.0,1.0,0.0,0.06734595678800116,0.8941860108299301,0.038468032382068675
"['short', 'diego', 'arria', 'day', 'got', 'penny', 'note', 'want']",Neutral,0.05482081460729014,0.9102901471660716,0.03488903822663915,0.04339538327368763,0.9250384329874828,0.03156618373882958,0.0,1.0,0.0,0.06987526332996408,0.8848795795943865,0.045245157075649634
"['ok', 'first', 'corduroy', 'going', 'give', 'tail', 'forgot', 'going', 'today', 'meeting', 'practically', 'canceled', 'organized', 'two', 'shits', 'zero', 'organizational', 'capacity', 'file', 'transferring', 'pendrive', 'saying', 'left', 'minutes', 'happy', 'tuesday']",Neutral,0.033321773549648694,0.9491236172081352,0.017554609242215868,0.03282835496432285,0.9478656791277033,0.019305965907973958,0.0,1.0,0.0,0.055911509760925876,0.9123382169059137,0.03175027333316053
"['egamanww', 'siganmen', 'el', 'esnakchac']",Neutral,0.11293473620529175,0.8165341600479524,0.07053110374675592,0.06590913775314958,0.8980718041902799,0.036019058056570505,0.0,1.0,0.0,0.07294388353418284,0.8831096299112781,0.04394648655453907
"['free', 'kekistan']",Positivo,0.07704272061680048,0.8644090686967111,0.05854821068648922,0.05200949459617491,0.8451733017219604,0.10281720368186474,0.0,1.0,0.0,0.07795766103844125,0.8630994410433696,0.05894289791818916
"['first', 'spanish', 'spain', 'franco']",Neutral,0.06797289953873074,0.8850221662805702,0.04700493418069794,0.055506696706594166,0.8949637902929785,0.04952951300042728,0.0,1.0,0.0,0.06599252814690196,0.8889583679967052,0.045049103856392804
"['melee', 'menu']",Neutral,0.1143240306290781,0.8146903440077855,0.07098562536313577,0.07057192794201067,0.8927584246562461,0.03666964740174308,0.0,1.0,0.0,0.0758428847733051,0.8787297677704002,0.045427347456294793
"['crinshboi', 'aha', 'pepe']",Neutral,0.07282000153826433,0.8701031583493694,0.057076840112366564,0.051292641129755234,0.8548305347894429,0.09387682408080217,0.0,1.0,0.0,0.07570931644135537,0.8647532107577548,0.059537472800889876
"['literally', 'melee']",Neutral,0.07050776021676945,0.8857177341922821,0.04377450559094874,0.04011287616599562,0.9332008504890148,0.026686273344989603,0.0,1.0,0.0,0.06610920715751788,0.8933662970814745,0.0405244957610077
"['teachers', 'like', 'deserve', 'world', 'thanks', 'teachers', 'care', 'passionate', 'passionate', 'believe', 'appreciate']",Positivo,0.0364055797382069,0.936491348663087,0.02710307159870697,0.06394590228486853,0.8053231777128592,0.1307309200022726,0.0,1.0,0.0,0.06836472652407126,0.8760820394075848,0.05555323406834396
"['point', 'longer', 'seems', 'like', 'joke']",Positivo,0.023894791592735515,0.9597628075411724,0.016342400866093478,0.02568417758179432,0.9449225265993416,0.029393295818864032,0.0,1.0,0.0,0.05560743369653771,0.9017623625623682,0.04263020374109391
"['edul', 'look', 'fresh', 'pot', 'crippy', 'rod']",Neutral,0.11253865270391976,0.8334691669449905,0.05399218035109112,0.14016192986448686,0.8323643972580859,0.02747367287742732,0.0,1.0,0.0,0.09681167665551244,0.8576505974339323,0.045537725910555306
"['crinshboi', 'complain', 'twitter', 'see', 'student', 'authorities', 'deign', 'bring', 'issue', 'board', 'directors']",Neutral,0.04260465214177312,0.926401884147853,0.03099346371037327,0.02669417067565356,0.928037256786104,0.045268572538242416,0.0,1.0,0.0,0.05719343327548011,0.8998443216950607,0.0429622450294591
"['crinshboi', 'ucab', 'security', 'cicpc', 'complex']",Neutral,0.031367471302935365,0.9446075891894024,0.02402493950766173,0.03064699570759515,0.9161313259368264,0.0532216783555785,0.0,1.0,0.0,0.053235518092737834,0.9042692492722402,0.04249523263502209
"['crinshboi', 'security', 'wants', 'give', 'information', 'laptop', 'able', 'pass', 'facilitating', 'theft', 'enough', 'able', 'open', 'bags', 'without', 'consent', 'able', 'vape', 'unit', 'able', 'play', 'board', 'games', 'insult', 'liberty', 'want', 'laptop']",Neutral,0.04164170398790505,0.9363742649431273,0.021984031068970608,0.1826723245794671,0.7540343976357511,0.06329327778478197,0.0,1.0,0.0,0.09599155114558214,0.8498391957111218,0.05416925314329607
"['rorornmr', 'problem', 'would', 'loss', 'laptop', 'loss', 'information', 'contained', 'therein', 'security', 'know', 'bring', 'laptop', 'lose', 'lose', 'would', 'responsibility', 'campaign', 'protect', 'valuables', 'empower']",Neutral,0.06431580056612908,0.9036816905714554,0.032002508862416436,0.0932697006395644,0.8870454549143877,0.01968484444604787,0.0,1.0,0.0,0.06628865388085774,0.8996439701369322,0.034067375982210144
"['franklin', 'bello', 'kept', 'race', 'biggest', 'breakdown', 'ever', 'recorded', 'really', 'made', 'understand', 'software', 'engineering', 'clarysse', 'quijada', 'best', 'welcome', 'ucab', 'could', 'give', 'greatest', 'support', 'since', 'joined']",Neutral,0.03302230835581065,0.939072274173308,0.02790541747087813,0.032974641568822925,0.7995590052372512,0.16746635319392605,0.0,1.0,0.0,0.05639155151571575,0.8895274590372461,0.054080989447038236
"['teresa', 'rondón', 'naweboná', 'pain', 'ass', 'taken', 'class', 'teacher', 'legendary', 'reason', 'always', 'want', 'go', 'class', 'person', 'loves', 'teach', 'knows', 'woman', 'organized', 'possible', 'known']",Neutral,0.04029419319320328,0.9364735138085406,0.023232292998259508,0.07538813823947611,0.8897107329717819,0.034901128788741805,0.0,1.0,0.0,0.07056444992618438,0.886615145150144,0.042820404923671625
"['irma', 'rondón', 'taught', 'love', 'calculus', 'going', 'one', 'darkest', 'times', 'jaime', 'wong', 'unrivaled', 'charisma', 'intelligence', 'never', 'realized', 'much', 'needed', 'temporarily', 'retired']",Neutral,0.08212440127485958,0.8631284608109038,0.0547471379142387,0.032582640129297916,0.93093998229981,0.03647737757089227,0.0,1.0,0.0,0.05805258447438885,0.9021249432628671,0.0398224722627441
"['corduroy', 'smoking', 'want', 'rotate']",Neutral,0.07031295469680023,0.8905146597175799,0.039172385585619966,0.09763586142632676,0.8637312872675152,0.038632851306157685,0.0,1.0,0.0,0.08781125931391225,0.8617006691456045,0.050488071540483154
"['know', 'going', 'go', 'see', 'marvel', 'scarlett', 'johansson', 'hopper']",Neutral,0.03980038188147722,0.9348403041221932,0.025359313996328244,0.025912119074599442,0.9419757829400734,0.03211209798532707,0.0,1.0,0.0,0.053638761421528694,0.9090075876910261,0.03735365088744523
"['want', 'car', 'travel', 'around', 'arc', 'pm', 'eurobeat', 'remixes', 'nintendo', 'songs', 'full', 'volume']",Neutral,0.09390184530305558,0.8400660725815029,0.06603208211544195,0.051329450590789416,0.9125125311703044,0.03615801823890588,0.0,1.0,0.0,0.08321131415728117,0.8562846743994579,0.0605040114432609
"['saad', 'theme', 'pillar', 'men', 'sounded', 'middle', 'class']",Neutral,0.10898900052941238,0.8225088996095646,0.06850209986102315,0.050364428897310284,0.9194942249582304,0.030141346144459093,0.0,1.0,0.0,0.06886087085655243,0.8892253785746294,0.04191375056881816
"['pincheaguacate', 'blocked', 'allow', 'put', 'group', 'person', 'moment', 'looking', 'restraining', 'order', 'intensity', 'increased', 'whatever', 'peace', 'mind', 'always', 'necessary', 'urges']",Neutral,0.05795250357817474,0.9112057470595442,0.030841749362282588,0.2275296796023133,0.7142730677412965,0.05819725265639029,0.0,1.0,0.0,0.09366681484369188,0.8545741945576195,0.051758990598688534
"['received', 'first', 'monday', 'december', 'say', 'nobody', 'initialized', 'stack', 'correct', 'function', 'half', 'already', 'hole', 'damn', 'thanks', 'good', 'news', 'son', 'bitch']",Neutral,0.035542494106130834,0.9374881390121198,0.02696936688175269,0.026347509523698274,0.9167655622269638,0.05688692824933787,0.0,1.0,0.0,0.048838677823253386,0.9119513085393087,0.03921001363743805
"['always', 'around', 'dates', 'december', 'end', 'semester', 'begin', 'wishes', 'personal', 'improvement', 'achieved', 'month', 'forget', 'others', 'called', 'gym', 'called', 'courses', 'already', 'point', 'know', 'whether', 'believe', 'seek', 'support']",Neutral,0.0253680382338498,0.9579343606275579,0.016697601138591003,0.03452881154993952,0.9363134143816592,0.029157774068401133,0.0,1.0,0.0,0.0553474649333362,0.9050020179403923,0.039650517126271385
"['present', 'partial', 'calculation', 'fever', 'forget', 'validation', 'step', 'wrongly', 'copy', 'coordinate']",Neutral,0.11148168111440232,0.8180888426948794,0.07042947619071814,0.044520523526710334,0.926374480907626,0.029104995565663868,0.0,1.0,0.0,0.06753252702316093,0.8912879789662113,0.04117949401062782
"['partial', 'today', 'please']",Positivo,0.035391751701433015,0.9387921614415952,0.025816086856972044,0.08022077795598366,0.8244210105415631,0.09535821150245327,1.0,0.0,0.0,0.08401788255089379,0.8507941884377804,0.06518792901132583
"['think', 'already', 'point', 'semester', 'mental', 'exhaustion', 'carry', 'feel', 'indifference', 'resignation', 'let', 'everything', 'flow', 'inertia']",Neutral,0.03090432899763986,0.9504427087638208,0.01865296223853816,0.028209653044401338,0.9586914782944485,0.013098868661150138,0.0,1.0,0.0,0.0451056216755256,0.9266220943963359,0.0282722839281386
"['message', 'everyone', 'laughs', 'lacava', 'emigrate', 'reproduce', 'please']",Positivo,0.09226831009828487,0.8419509426428926,0.06578074725882288,0.04822718694460778,0.9037244255015766,0.04804838755381545,0.0,1.0,0.0,0.07077164845610615,0.8792265138278335,0.05000183771606047
"['sometimes', 'really', 'feel', 'educational', 'level', 'passed', 'high', 'kind', 'see', 'video', 'julioprofe', 'say', 'gave', 'example', 'even', 'put', 'bullets', 'people', 'literally', 'say', 'worked', 'sucks', 'idiot', 'julioprofe', 'explains', 'depth']",Neutral,0.026118695195477132,0.9563781065153286,0.017503198289195682,0.07599543268120809,0.857621691348013,0.0663828759707789,0.0,1.0,0.0,0.0727501346758312,0.8737718018902838,0.053478063433885094
"['already', 'tired', 'semester', 'want', 'study', 'anymore', 'also', 'going', 'practice', 'vacation', 'java', 'course', 'mobile', 'development', 'one', 'agile', 'development', 'another', 'devops', 'yo', 'going', 'see', 'series', 'holidays', 'month', 'spend', 'games']",Neutral,0.02258825318129808,0.9605393795759352,0.016872367242765172,0.017908528719599987,0.9353837652596472,0.046707706020752665,0.0,1.0,0.0,0.04834381715998162,0.911106165593072,0.040550017246946325
"['pussy', 'julioprofe', 'makes', 'integral', 'prettyaaaaaaaaaaa']",Neutral,0.0963324069807536,0.8433718175248951,0.06029577549435314,0.04581070903198371,0.9237219483601504,0.030467342607866,0.0,1.0,0.0,0.06768192019169822,0.8909173080724724,0.0414007717358293
"['anthxnyb', 'rd', 'semester', 'computer', 'science', 'teachers', 'like']",Neutral,0.012614827132241492,0.9784663256566468,0.008918847211110822,0.029526494922771068,0.9370903553287494,0.033383149748479536,0.0,1.0,0.0,0.04198082767773332,0.924768564178738,0.03325060814352861
"['pussy', 'tere', 'send']",Neutral,0.1009208651352401,0.8362182217820948,0.06286091308266449,0.05444528875881563,0.911120260433933,0.03443445080725092,0.0,1.0,0.0,0.07264979702070826,0.8834460141734766,0.04390418880581527
"['golden', 'opportunity', 'wasted', 'joke']",Positivo,0.10229188731890106,0.8249916362054343,0.07271647647566433,0.06085712698242555,0.8653300894720163,0.0738127835455582,0.0,1.0,0.0,0.07692471710117914,0.8700272042976743,0.05304807860114657
"['danibarranco', 'believing', 'superior', 'thinking', 'white', 'coke', 'reality', 'brown', 'crippy', 'makes', 'brown', 'crippy', 'superiority', 'complex', 'makes', 'already']",Neutral,0.08474739521099929,0.8615894602595998,0.05366314452940028,0.03616231285416257,0.9410310861392374,0.022806601006599942,0.0,1.0,0.0,0.05872648315073698,0.90470251726774,0.03657099958152291
"['nothing', 'literally', 'shit', 'ah', 'pods', 'shit']",Neutral,0.06481498778849358,0.9132137790655488,0.02197123314595817,0.8023643351910585,0.14943881449210875,0.048196850316833004,1.0,0.0,0.0,0.18192197073021796,0.7616477638918471,0.056430265377934975
"['partner', 'want', 'accept', 'code', 'efficient', 'want', 'test', 'mine', 'less', 'hours', 'delivery', 'still', 'half']",Neutral,0.046543655611049686,0.924893541057738,0.028562803331212937,0.054370339743705726,0.8981806627292329,0.04744899752706145,0.0,1.0,0.0,0.07667060941324012,0.874031050091566,0.04929834049519382
"['deliver', 'project', 'tomorrow', 'half', 'ready', 'depend', 'partner', 'half', 'city', 'left', 'without', 'internet', 'data', 'hate', 'life', 'demonstration', 'god', 'enjoys', 'watching', 'suffer']",Neutral,0.04964164974411582,0.9252915149612294,0.0250668352946578,0.10657056576296857,0.8593458650967996,0.03408356914023166,1.0,0.0,0.0,0.08169778071813079,0.8754267182927494,0.04287550098911979
"['guaidó', 'announces', 'elections', 'parliamentarians']",Neutral,0.058916663946644285,0.8992734381875297,0.04180989786582789,0.026903100745388358,0.9315007695182196,0.04159612973639185,0.0,1.0,0.0,0.06322302509538212,0.8916542493472871,0.04512272555733081
"['daanielabg', 'normalize', 'ass', 'sucking', 'let', 'also', 'normalize', 'ball', 'sucking', 'nohomo', 'fueradechinazo']",Neutral,0.1115482309599701,0.8171037431829715,0.07134802585705692,0.059855141151736665,0.9021103479526194,0.03803451089564407,0.0,1.0,0.0,0.07274592712900203,0.8817450000372599,0.045509072833738076
"['cannibal', 'retards']",Neutral,0.1143445356204518,0.814656674388962,0.07099878999058579,0.07057192794201067,0.8927584246562461,0.03666964740174308,0.0,1.0,0.0,0.0758428847733051,0.8787297677704002,0.045427347456294793
"['edul', 'benjamiigo', 'vallha', 'depends', 'expression', 'tend']",Neutral,0.13800501288148231,0.7742262669169955,0.08776872020152147,0.10523159490398276,0.8195473483084946,0.07522105678752232,0.0,1.0,0.0,0.09310525684006336,0.8487674007139836,0.058127342445953085
"['carla', 'angola', 'paint', 'hair']",Neutral,0.12660463894689492,0.7943250555288842,0.07907030552422181,0.07057192794201067,0.8927584246562461,0.03666964740174308,0.0,1.0,0.0,0.07518196374465293,0.8797220629636329,0.04509597329171417
"['invisible', 'friends', 'justice', 'public', 'disorder', 'rawayana', 'gorillaz', 'foo', 'fighters', 'daft', 'punk', 'oasis', 'glitch', 'mob', 'innkeepers', 'yes', 'rock', 'edm', 'carajito']",Neutral,0.16173711326785012,0.699553256815779,0.13870962991637392,0.07646232793082773,0.551215666366014,0.3723220057031579,0.0,1.0,0.0,0.09050896257045693,0.8250921264350091,0.08439891099453407
"['update', 'teacher', 'wrong', 'answer', 'guide', 'terearreglalasguías']",Neutral,0.05057389842577534,0.923085042559119,0.02634105901510547,0.06667390534350275,0.9130940363362108,0.020232058320286225,0.0,1.0,0.0,0.06835696462283303,0.8951993953462408,0.03644364003092616
"['ok', 'think', 'already', 'remembered', 'function', 'root', 'put', 'derivative', 'function', 'squared', 'also', 'gives', 'answer', 'nothing', 'ausilio']",Neutral,0.049781658471179775,0.9208380222009672,0.029380319327853743,0.08138374443479568,0.8799659320682794,0.03865032349692486,0.0,1.0,0.0,0.07423355241793642,0.8795186209247524,0.04624782665731104
"['franz', 'urbina', 'like', 'universidad', 'felizdiadelestudianteuniversitario']",Neutral,0.07205182513015684,0.8771749219147235,0.05077325295511942,0.04857858333784052,0.8942593717665,0.05716204489565956,0.0,1.0,0.0,0.06950884612531152,0.878805567142112,0.051685586732576574
"['beer', 'guy', 'computer', 'guy', 'profession', 'branch', 'mma', 'skill', 'maximum']",Neutral,0.10754838161070578,0.8248118632545797,0.06763975513471565,0.0541885747472989,0.9154429841297659,0.03036844112293509,0.0,1.0,0.0,0.06704390787972676,0.8920868776356035,0.04086921448466981
"['yes', 'okay', 'lose', 'friends', 'ties', 'people', 'toxic', 'protect', 'need', 'end', 'life', 'well', 'road', 'happiness', 'full', 'difficult', 'stretches', 'reward', 'worth']",Positivo,0.04563065130944125,0.9272160224629528,0.027153326227606463,0.09303039563394708,0.8162858426674073,0.09068376169864567,0.0,1.0,0.0,0.08648799932720132,0.8545920253212292,0.05891997535156949
"['lately', 'days', 'end', 'like', 'shit', 'either', 'start', 'shit', 'end', 'shit', 'start', 'normal', 'develop', 'excellent', 'end', 'like', 'shit']",Negativo,0.034979096137637285,0.9520184554570548,0.013002448405306457,0.7818517981717248,0.1423644685321003,0.07578373329617519,1.0,0.0,0.0,0.152429828993443,0.7922566714170375,0.05531349958951938
"['edul', 'rin', 'top', 'waifu', 'excellent', 'top']",Positivo,0.09770871482737996,0.8466167623496641,0.0556745228229567,0.1933256685353276,0.7354318322733502,0.07124249919132218,0.0,1.0,0.0,0.10397827233126809,0.8377853512348247,0.058236376433907264
"['need', 'group', 'meeting', 'invited', 'person', 'like', 'start', 'throwing', 'tips', 'person', 'apparent', 'reason', 'front', 'everyone']",Neutral,0.025295350346057108,0.9612027906828636,0.013501858971079205,0.05592805690403629,0.9231404060046884,0.020931537091275185,1.0,0.0,0.0,0.06445844537015656,0.8979533041078954,0.037588250521948106
"['rebelion', 'farm', 'george', 'orwell']",Neutral,0.11720719599763978,0.8095925358400102,0.07320026816234881,0.07057192794201067,0.8927584246562461,0.03666964740174308,0.0,1.0,0.0,0.07413723085069912,0.881326546293075,0.044536222856225834
"['events', 'update', 'came', 'rough', 'good', 'need', 'learn', 'program', 'google', 'copy', 'code']",Neutral,0.049917679072696015,0.9240785729393886,0.02600374798791667,0.09586435983308826,0.8757422307991145,0.0283934093677972,0.0,1.0,0.0,0.07462714706790445,0.8859427637687116,0.039430089163383794
"['spent', 'hour', 'half', 'show', 'showing', 'anywhere', 'internet', 'finished', 'got', 'excited', 'explained', 'dad', 'realize', 'many', 'mistakes', 'ama', 'made', 'wrong', 'career']",Neutral,0.04688195126595589,0.9257647822944396,0.027353266439601242,0.033393671837696245,0.9488079693986408,0.017798358763663046,0.0,1.0,0.0,0.05426892818527587,0.913493951238646,0.032237120576077985
"['right', 'studying', 'partial', 'tomorrow', 'studying', 'literally', 'googling', 'exercise', 'done', 'transfer', 'notebook', 'see', 'spell', 'get', 'least', 'although', 'probably', 'happen', 'efficient', 'student', '☺️']",Neutral,0.03147612634467633,0.9482810602139388,0.020242813441384767,0.017716329451074698,0.9636563181946148,0.0186273523543105,0.0,1.0,0.0,0.04906531413234281,0.9182204375352954,0.03271424833236179
"['someone', 'understand', 'support', 'vox', 'literally', 'european', 'alt', 'right']",Neutral,0.0257676448368378,0.958200141789264,0.016032213373898572,0.02421730412441024,0.9625683455457515,0.013214350329838215,0.0,1.0,0.0,0.048943531082157404,0.919732271439534,0.03132419747830857
"['today', 'months', 'agony', 'academically', 'positive', 'day', 'even', 'feel', 'like', 'going', 'fall', 'mental', 'breakdown', 'second']",Neutral,0.025628897708514075,0.9560135663468956,0.01835753594459,0.02059206429063308,0.9384883819584748,0.040919553750892124,0.0,1.0,0.0,0.050621470079248325,0.9089468185698086,0.04043171135094304
"['crinshboi', 'second', 'fruitful', 'despite', 'scraped', 'times']",Neutral,0.061594593405447866,0.8927347399842049,0.04567066661034845,0.04454661174167123,0.9000343880334829,0.05541900022484576,0.0,1.0,0.0,0.06742335578925734,0.8825299637195375,0.05004668049120507
"['dogfish', 'lots', 'garlic', 'sauce', 'please']",Neutral,0.0918545689175131,0.8416756800905958,0.0664697509918899,0.054156319549397286,0.9010770236898524,0.044766656760750055,0.0,1.0,0.0,0.07356157829450775,0.873700923571054,0.052737498134438295
"['franz', 'urbina', 'like', 'industrialists', 'vape', 'like']",Positivo,0.051403675551493916,0.9085611928430408,0.04003513160546504,0.03991948739479397,0.8765799959005756,0.08350051670463048,0.0,0.0,1.0,0.06805631158727396,0.8719161089865469,0.06002757942617923
"['franz', 'urbina', 'naahh', 'better', 'law', 'second', 'degree', 'make', 'demands', 'program', 'patents']",Neutral,0.051507670808409366,0.9189387058308358,0.029553623360754462,0.10459116477192096,0.8428696536358264,0.05253918159225288,0.0,1.0,0.0,0.0776210064877131,0.8766626798756917,0.04571631363659522
"['dad', 'lately', 'watches', 'medical', 'forensic', 'psychological', 'series', 'realities', 'good', 'doctor', 'bull', 'bones', 'medical', 'emergencies', 'think', 'regrets', 'studied', 'mechanical', 'engineering']",Neutral,0.11508635089623845,0.8112533290042094,0.07366032009955285,0.0388168789650654,0.9362228158125832,0.024960305222351487,0.0,1.0,0.0,0.060942414271284766,0.9010091479395602,0.03804843778915503
"['please', 'ausilio']",Positivo,0.06466000471798684,0.8833840413990722,0.051955953882940116,0.05677875021682392,0.856226970712149,0.08699427907102705,0.0,1.0,0.0,0.07651864360772757,0.8607029621407687,0.06277839425150379
"['andresitorresm', 'instala', 'gentoo']",Neutral,0.12533923499660496,0.7965891966280887,0.07807156837530682,0.07057192794201067,0.8927584246562461,0.03666964740174308,0.0,1.0,0.0,0.0758428847733051,0.8787297677704002,0.045427347456294793
"['ucabizate', 'finish', 'delivering', 'project', 'blank']",Neutral,0.09871525119684264,0.8444814564068843,0.05680329239627256,0.10539751679700407,0.8578417582448825,0.036760724958113285,0.0,1.0,0.0,0.07857627938340539,0.8773395070111556,0.044084213605438946
"['cervezatipo', 'college', 'long', 'time', 'guava', 'bread', 'priced', 'dollar', 'friends', 'started', 'fucking', 'stayed', 'name', 'day']",Neutral,0.0577536317089643,0.9116281072452628,0.030618261045772317,0.09053521966208042,0.8808434223828624,0.02862135795505705,0.0,1.0,0.0,0.07701948207494164,0.8820983543780702,0.04088216354698812
"['ok', 'pretty', 'accurate']",Positivo,0.09263971987180908,0.8630094131899517,0.04435086693823933,0.20143653115102506,0.7602791173525153,0.03828435149645952,0.0,1.0,0.0,0.09784247333013056,0.8560273353123714,0.0461301913574981
"['minombreeschris', 'oh', 'good', 'thing', 'eat', 'food', 'thought', 'ate', 'shit']",Neutral,0.05482616560599683,0.9218569088527728,0.023316925541230816,0.3749805541640296,0.5838713093571821,0.041148136478788316,0.0,1.0,0.0,0.10446842932702274,0.8516391534434373,0.04389241722954004
"['tell', 'spanish', 'omelette', 'put', 'sausage']",Neutral,0.07676522475981297,0.8684382993992891,0.05479647584089745,0.06652309472352681,0.8611428828873415,0.07233402238913195,0.0,1.0,0.0,0.07828105536544977,0.8657442985599831,0.055974646074566925
"['damn', 'bro', 'know', 'date', 'today', 'sisa', 'hand', 'today', 'september', 'vico', 'daughter', 'turns', 'haha', '\u200b\u200byes', 'hand', 'good', 'joke', 'give', 'laik', 'subscribe']",Positivo,0.046973594301060614,0.9218683914266316,0.03115801427230552,0.0381220429244569,0.8987332377669163,0.06314471930862678,0.0,1.0,0.0,0.06722564698879815,0.8845116439606734,0.04826270905052845
"['vallha', 'metal', 'gear', 'solid', 'kojima', 'tactical', 'espionage', 'action', 'people', 'secrecy', 'death', 'stranding', 'kojima', 'social', 'strand', 'system', 'people', 'walk', 'simulator', 'secrecy']",Neutral,0.11819671856690014,0.8147404978198335,0.06706278361326815,0.09163255951611687,0.8756842723704251,0.032683168113458234,0.0,1.0,0.0,0.07451100511312946,0.8842755485256575,0.041213446361213095
"['week', 'people', 'remember', 'vanilla', 'shitty', 'shit', 'play', 'bfa']",Negativo,0.054182199870569984,0.9164932562616324,0.029324543867798192,0.17208280154125916,0.7825196006264186,0.04539759783232225,0.0,1.0,0.0,0.09069148292722175,0.8601719137527236,0.049136603320054616
['aaaaaaaaaaaaaaaaaaaaaaaaaaaaaaaaaaaaaaaaaaaaaaaaaaaaaaaaaaaaaaaaaaaaaaaaaaaaaaaaaaaaaaaaaaaaaaaaaaaaaaaaaaaaaaaaaaaaaaaaaaaaaaaaaaaaaaaaaaaaaaaaaaaaaaaaaaaaaaaaaaaaaaaaaaaaaaaaaaaaaaaaaaaaaaaaaaaaaaaaaaaaaaaaaaaaaaaaaaaaaaaaaaaaaaaaaaaaaaaaaaaaaaaaaaaaaaaaaaaaaaaaaaaaaaaaaaaaaaaa'],Neutral,0.10111963425956913,0.8363513863581977,0.06252897938223348,0.07057192794201067,0.8927584246562461,0.03666964740174308,0.0,1.0,0.0,0.0758428847733051,0.8787297677704002,0.045427347456294793
"['vanessa', 'senior', 'marginal', 'already', 'pathetic', 'nosy']",Neutral,0.08634034427118659,0.8595124490885776,0.05414720664023629,0.04101346836398352,0.9343346437012564,0.02465188793476039,0.0,1.0,0.0,0.06231141105883473,0.8993084010603657,0.0383801878807996
"['regarding', 'dani', 'barranco', 'share', 'position', 'apologized', 'joke', 'humor', 'everyone', 'apologize', 'still', 'respect', 'posture']",Positivo,0.08692201378898867,0.8579360540147153,0.05514193219629642,0.045224135511149774,0.9265434228091126,0.028232441679737725,0.0,1.0,0.0,0.06514968959302328,0.8942793127225694,0.04057099768440732
"['spent', 'whole', 'day', 'playing', 'finding', 'ian', 'gael', 'worst', 'outcome', 'trouble', 'thanks', 'aran', 'rosmery', 'making', 'fool', 'made', 'de', 'toque', 'famous', 'already', 'congratulations', 'laverogomez', 'esgaboruiz']",Neutral,0.0994914374404738,0.8390704570383165,0.0614381055212107,0.05592941157991824,0.9116000306933963,0.03247055772668542,0.0,1.0,0.0,0.06855032390877998,0.8891026109136904,0.04234706517752971
"['ricardoafranco', 'sinister', 'six', '\u200b\u200bback', 'plans', 'omg', 'yaaaasssssssss']",Neutral,0.10629055567721106,0.8234777854120848,0.07023165891070494,0.05628692772336878,0.9019505542966766,0.04176251797995472,0.0,1.0,0.0,0.07094662221581242,0.8837882175440598,0.04526516024012776
"['sad', 'yco', 'throw', 'toilet', 'paper', 'trash', 'next', 'pot', 'pana', 'like', 'smell', 'shit', 'pot', 'want', 'smell', 'bathroom', 'thanks']",Neutral,0.126096250486086,0.8060863712258329,0.06781737828808028,0.33273668123021066,0.5706391982609631,0.09662412050882628,0.0,1.0,0.0,0.11911629615515773,0.8165261034909074,0.06435760035393477
['always'],Neutral,0.032349683534795365,0.9425396468101156,0.025110669655089016,0.05152847295475543,0.8452129365563387,0.103258590488906,0.0,1.0,0.0,0.07277742516654015,0.8664590343802873,0.06076354045317263
"['sleek', 'premium', 'presentation', 'fits', 'price']",Neutral,0.11289144483360927,0.8164387367134106,0.07066981845297976,0.06989474595079335,0.8983946706166921,0.03171058343251434,0.0,1.0,0.0,0.07273418265382882,0.88358489586176,0.04368092148441119
"['never', 'repeat', 'never', 'read', 'article', 'summarizes', 'well', 'technological', 'situation', 'telephony', 'level', 'venezuela', 'big', 'xdadevelopers']",Neutral,0.04384215685588709,0.930005932218988,0.026151910925124963,0.0349840012737113,0.9350409602912859,0.029975038435002863,0.0,1.0,0.0,0.06479893006918272,0.8943553579698273,0.040845711960989864
"['reason', 'time', 'time', 'suffer', 'cycles', 'insomnia', 'matter', 'sleep', 'hours', 'hours', 'sleep', 'delayed', 'well', 'morning', 'almost', 'dawn', 'every', 'day', 'run', 'help', 'want', 'sleep']",Neutral,0.03162870679043617,0.9450350688523046,0.023336224357257983,0.05214844689652181,0.8331335678454561,0.11471798525802235,0.0,1.0,0.0,0.06934293000905441,0.875496753296657,0.055160316694288676
"['edul', 'srmigueltomas', 'imnot', 'ludaabti', 'minombreeschris', 'side', 'side', 'side']",Neutral,0.10884796843422342,0.8333720051912717,0.05778002637450628,0.1233752025095203,0.8441195337791024,0.032505263711377304,0.0,1.0,0.0,0.08795684784435667,0.8663940748011616,0.045649077354481774
"['best', 'nachored', 'funniest', 'leo']",Positivo,0.09810871585305124,0.8146057790582436,0.08728550508870421,0.060839272128754784,0.5872946297847722,0.35186609808647296,0.0,0.0,1.0,0.088691259266605,0.8224753918686591,0.08883334886473598
"['thefanboylester', 'welcome', 'twitter']",Positivo,0.06596394971156408,0.8783487992722567,0.05568725101617996,0.04487592650293599,0.7793875888810375,0.1757364846160264,0.0,1.0,0.0,0.07694686617780803,0.8565831401243196,0.06646999369787229
"['elcdsmmsea', 'depends', 'come', 'neighborhood', 'never', 'studied', 'chavista', 'considered', 'good', 'luck', 'one', 'less', 'scum']",Neutral,0.04358803050347935,0.919145406926584,0.03726656256993799,0.03400507602318962,0.8112950575581568,0.1546998664186538,0.0,1.0,0.0,0.05871411132595889,0.8869484031476441,0.05433748552639714
"['leo', 'sushitrash', 'famous', 'filthy', 'frank']",Neutral,0.10861052935960216,0.8233984827539833,0.06799098788641496,0.049584658607173086,0.9166538455568799,0.03376149583594698,0.0,1.0,0.0,0.07142132835403898,0.8853062786816335,0.043272392964327534
"['adrianriotx', 'elcdsmmsea', 'chiguirebipolar', 'says', 'please', 'steal', 'jokes', 'underpaid', 'intern']",Neutral,0.11533842141366188,0.8036613084451253,0.08100027014121251,0.04856552424105049,0.9021178921401676,0.0493165836187821,0.0,1.0,0.0,0.07202985968056515,0.8783121413652036,0.049657998954231085
"['vallha', 'meanwhile', 'events', 'everyone', 'looking', 'saying', 'good']",Neutral,0.045614697002749074,0.9257178486171204,0.028667454380129007,0.022079271176765208,0.9562230713929464,0.021697657430288543,0.0,1.0,0.0,0.054065875342463515,0.911716196773495,0.03421792788404158
"['slaxz', 'anime', 'smell', 'like', 'violin']",Neutral,0.0960216358605306,0.8441953771677427,0.05978298697172511,0.1160587500482678,0.8191058302270136,0.06483541972471887,0.0,1.0,0.0,0.08663673220670093,0.8563689539266112,0.056994313866687955
"['usb', 'warbot', 'imarcangel', 'cirqueusb', 'breaks', 'soul', 'sleep', 'well', 'sweet', 'prince']",Neutral,0.11564466420274565,0.8098083033053156,0.07454703249193874,0.07858584666975561,0.8600775400014673,0.06133661332877706,0.0,1.0,0.0,0.08184412642862054,0.8659034352188261,0.05225243835255342
"['note', 'self', 'politics', 'fun', 'diplomacy', 'pain', 'ass']",Negativo,0.07632336555992908,0.8757048660733068,0.04797176836676478,0.05714774312816185,0.91543022298841,0.027422033883428152,0.0,1.0,0.0,0.06587591374621192,0.8939650167089891,0.04015906954479884
"['minombreeschris', 'ah', 'look', 'wagon']",Neutral,0.08980388790305144,0.8708640079473384,0.03933210414960956,0.1965605462845472,0.7757204723450787,0.02771898137037396,0.0,1.0,0.0,0.104120661052298,0.8502915510245843,0.04558778792311772
"['months', 'year', 'since', 'joined', 'ucab', 'say', 'next', 'person', 'tells', 'ucab', 'easier', 'usb', 'win', 'rumba', 'pain', 'neck', 'thank', 'happy', 'afternoon']",Neutral,0.023517793367249958,0.9602420541509646,0.016240152481786008,0.021562381599605312,0.9493587239939072,0.029078894406487383,0.0,1.0,0.0,0.04490535291414586,0.9220868962045075,0.03300775088134653
"['canga', 'look', 'like', 'damned', 'dam', 'cigarettes', 'smoke']",Neutral,0.07777404045033767,0.8749930732886049,0.047232886261057885,0.07120562843829199,0.8844979412742583,0.044296430287449735,0.0,1.0,0.0,0.07974555328586468,0.8696730440341728,0.050581402679962716
"['thefanboylester', 'next', 'tweet', 'joseph', 'best', 'jojo']",Neutral,0.06369028279017748,0.8823136292814242,0.05399608792839928,0.05342974754972538,0.6990360550087844,0.24753419744149,0.0,0.0,1.0,0.07553260548985295,0.852905782120586,0.07156161238956113
"['yesterday', 'house', 'made', 'beans', 'mystical', 'flavor', 'good', 'mystical', 'missing', 'something', 'decided', 'add', 'sugar', 'first', 'time', 'life', 'regret', 'mom', 'calls', 'marginal', 'thinks', 'listens', 'salsa', 'baúl']",Neutral,0.07141625791225052,0.883681671352279,0.04490207073546705,0.04198844354214202,0.9323935739759174,0.025617982481940558,0.0,1.0,0.0,0.057666949510448394,0.9055159316992996,0.03681711879025218
"['nobody', 'absolutely', 'nobody', 'marico', 'swear', 'nobody', 'wnn', 'country', 'roads', 'take', 'home', 'place', 'belooooooooooong', 'west', 'virginiaaaaaaaaaa', 'mountain', 'mamaaaaaaaa', 'country', 'roads', 'take', 'home']",Neutral,0.04463994102443495,0.9244194188029315,0.030940640172634336,0.026778564114184517,0.9437200916857088,0.029501344200106593,0.0,1.0,0.0,0.05127298436456974,0.9131092323506688,0.0356177832847613
"['johelconh', 'narco']",Neutral,0.0808458651766413,0.8689575384492092,0.05019659637414907,0.058622675756114864,0.9113602613825224,0.03001706286136245,0.0,1.0,0.0,0.07095025506630492,0.8861565627335929,0.04289318220010204
"['vallha', 'install', 'gentoo']",Neutral,0.08958193472848143,0.8546216058472444,0.055796459424273935,0.06641868136655428,0.9050402614269282,0.02854105720651756,0.0,1.0,0.0,0.07055105754597439,0.8868380808081067,0.04261086164591907
"['johelconh', 'opinion', 'count', 'cute', 'chinese', 'profile', 'picture', 'macoya', 'universitaria', 'venezolana', 'edition']",Neutral,0.11632833452704155,0.8129511053944544,0.0707205600785044,0.06563830488565799,0.9044385777759972,0.029923117338344674,0.0,1.0,0.0,0.06923612278610733,0.8897662818363835,0.040997595377509105
"['imarcangel', 'sucre', 'would', 'done', 'masterfully', 'paez', 'marginality', 'surface']",Neutral,0.09930283565418373,0.8418366663397631,0.0588604980060533,0.049460365496752895,0.9256940159955552,0.02484561850769192,0.0,1.0,0.0,0.06565178022077094,0.8957405038191143,0.038607715960114704
"['andresitorresm', 'mad']",Negativo,0.10125422754295098,0.8358752283378945,0.06287054411915377,0.06925709457769519,0.8942570688546994,0.036485836567605366,0.0,1.0,0.0,0.07435426310735531,0.8809424852428092,0.044703251649835546
"['imarcangel', 'first', 'grouped', 'one']",Neutral,0.04398500639391583,0.9231647892000802,0.03285020440600436,0.04829074136784528,0.8806566886995272,0.07105256993262751,0.0,1.0,0.0,0.060539854655811264,0.8921241952027517,0.04733595014143697
"['vallha', 'mint', 'given', 'problems', 'certain', 'packages', 'repositories', 'want', 'minimalist', 'experience', 'bleeding', 'edge', 'go', 'arch', 'want', 'bark', 'installation', 'antergos', 'use', 'antergos', 'gegege']",Neutral,0.06053025831204156,0.8982230516156166,0.04124669007234509,0.05185192662202847,0.900147474444484,0.04800059893348749,0.0,1.0,0.0,0.06720594499582944,0.8857892301087295,0.047004824895440986
"['ekbufalo', 'civilized', 'medina', 'angarita', 'military', 'coup', 'ad', 'shortly', 'chalbaud', 'coup', 'assassination', 'electoral', 'fraud', 'jóvito', 'perez', 'jimenez', 'dictatorship', 'democracy', 'venezuela', 'lasted', 'less', 'seems']",Neutral,0.10150327323825299,0.8431352365072543,0.05536149025448943,0.08932096073849159,0.8828931489886029,0.02778589027290536,0.0,1.0,0.0,0.07979396157806554,0.8789767446413235,0.04122929378061104
"['reminder', 'second', 'cap', 'government', 'best', 'years', 'democracy', 'best', 'prepared', 'people']",Positivo,0.024504195380946427,0.953849969578366,0.021645835040686883,0.04015388426893147,0.6017660347423958,0.3580800809886727,0.0,0.0,1.0,0.06948660016647025,0.8509811791239288,0.079532220709601
"['movementterra', 'mate']",Neutral,0.103034528968894,0.83298967842996,0.06397579260114691,0.07057192794201067,0.8927584246562461,0.03666964740174308,0.0,1.0,0.0,0.07474171471906114,0.880370046001842,0.044888239279096916
"['saw', 'anime', 'chapter', 'cruchyroll', 'loading', 'anywhere', 'halfway', 'realized', 'adblock', 'skipped', 'advertising', 'without', 'paying', 'penny', 'contribute', 'anything', 'work', 'translating', 'syncing', 'subtitles', 'feel', 'dirty']",Neutral,0.10136974363745467,0.8317481681137531,0.06688208824879162,0.035679541049178864,0.9398282428782894,0.024492216072531887,0.0,1.0,0.0,0.05975994447371592,0.9015727792468125,0.03866727627947166
"['problem', 'begins', 'exist', 'pride', 'becomes', 'pride', 'pride', 'mental', 'milestone', 'like', 'aula', 'magna', 'say', 'sacred', 'pride', 'think', 'exclusively', 'use', 'ucevistas', 'arrogance']",Neutral,0.05171884807995245,0.9124200757503668,0.03586107616968127,0.03769932416188665,0.9236736863328934,0.038626989505219735,0.0,1.0,0.0,0.0574758104690067,0.9010631876094176,0.04146100192157574
"['going', 'tell', 'pride', 'belonging', 'university', 'never', 'sense', 'shame', 'study', 'house', 'always', 'second', 'home', 'values', '\u200b\u200bof', 'university', 'always', 'carried', 'high', 'order', 'create', 'better', 'one', 'society']",Neutral,0.011708403574496585,0.9794334421295826,0.008858154295919492,0.0243070659919599,0.9091616802472072,0.06653125376083313,0.0,1.0,0.0,0.04386468962107178,0.9181824071187474,0.03795290326018059
"['johelconh', 'macoyero', 'macoyero', 'always']",Neutral,0.07748306298629512,0.8711653214690679,0.05135161554463618,0.06258564071754097,0.8926918612379482,0.044722498044511054,0.0,1.0,0.0,0.07307521806086927,0.8787268616453403,0.048197920293790365
"['vicbeology', 'know', 'always', 'end', 'talking', 'depression']",Neutral,0.04012499438423992,0.9367128806721629,0.02316212494359673,0.07537773085620615,0.8902009228198072,0.03442134632398665,0.0,1.0,0.0,0.06541621639345979,0.8945372932900566,0.04004649031648362
"['johelconh', 'admire', 'bro']",Positivo,0.08145109058160971,0.8678159653737183,0.05073294404467273,0.05639445820902893,0.9130767442718664,0.03052879751910453,0.0,1.0,0.0,0.06882968130108641,0.8893732953268177,0.04179702337209576
"['superpanqsito', 'start', 'bleed', 'nose', 'feel', 'put', 'another', 'line', 'another', 'piece', 'paper', 'going', 'go', 'another', 'life', 'wait']",Neutral,0.034364752018330336,0.9353566771636456,0.03027857081802464,0.04831498957726567,0.6844256069197613,0.26725940350297306,0.0,1.0,0.0,0.07701031611907846,0.8450711442838063,0.07791853959711532
"['make', 'mom', 'stop', 'watching', 'videos', 'kiki', 'challenge', 'instagram', 'take', 'internet', 'let', 'see', 'chinese', 'monas', 'cantv', 'yahoo', 'answers']",Neutral,0.059243019006611525,0.9094606607087234,0.031296320284666765,0.10509539521590176,0.8587146077723692,0.03618999701172919,0.0,1.0,0.0,0.07856411105440306,0.8801041350021807,0.04133175394341635
"['repeal', 'law', 'illicit', 'exchange', 'rates', 'release', 'pressure', 'reminded', 'people', 'decision', 'illegal', 'reminded', 'people', 'top', 'things', 'nothing', 'nothing', 'nothing']",Neutral,0.051031024779566836,0.9199936846738056,0.02897529054662897,0.06771927232945918,0.905506420564957,0.026774307105583758,0.0,1.0,0.0,0.06652826036519821,0.8929921961302346,0.040479543504567075
"['juliococo', 'china', 'illegal', 'china', 'wants', 'expand', 'maquilas', 'already', 'done', 'africa']",Neutral,0.056308155420297865,0.90978559956485,0.03390624501485072,0.03933076832746011,0.9371127414955508,0.02355649017698936,0.0,1.0,0.0,0.05944923890232686,0.9045864676683439,0.035964293429329074
"['egamanww', 'even', 'worse', 'complain', 'resources', 'reject', 'acts', 'entrance', 'university', 'leadership', 'joins', 'shadows']",Neutral,0.07174559482963702,0.8885923848004249,0.039662020369938496,0.08867432271069017,0.8870977532385345,0.024227924050775257,0.0,1.0,0.0,0.06561696725363944,0.8981687528602339,0.03621427988612656
"['superpanqsito', 'know', 'much', 'mean', 'noticed', 'since', 'love']",Neutral,0.029515134805729388,0.9532104760961828,0.01727438909808841,0.023679587763288643,0.9524971930533408,0.023823219183370308,0.0,0.0,1.0,0.05665137653214977,0.9071499140979092,0.03619870936994097
"['vallha', 'wgraterol', 'valssss', 'javier', 'trv', 'gusgustavo', 'vault', 'looks', 'amazing']",Neutral,0.15248079890008553,0.7513427892091727,0.09617641189074047,0.06892708757743872,0.8946331663568539,0.03643974606570702,0.0,1.0,0.0,0.07316822712551516,0.88278598046601,0.04404579240847479
"['haroldsluis', 'asntaciónve', 'jcsosazpurua', 'ekbufalo', 'vjmc', 'good', 'meme', 'corduroy']",Neutral,0.10494831752127268,0.8314837718478998,0.06356791063082654,0.047817773905829884,0.9244811334159134,0.0277010926782567,0.0,1.0,0.0,0.06674426349808898,0.8933434022429478,0.03991233425896309
"['vicbeology', 'useless', 'city', 'planned', 'aguevonian', 'shits', 'harvard', 'mit', 'frat', 'rejects', 'year', 'old', 'virgins', 'designed', 'shit']",Negativo,0.14151409852513164,0.7764436878540121,0.08204221362085559,0.2058252149511489,0.7183186188716557,0.07585616617719512,0.0,1.0,0.0,0.106641710579888,0.8341352602469362,0.0592230291731759
"['superpanqsito', 'twitter', 'seem', 'bit', 'rude', 'direct', 'deep', 'love']",Neutral,0.054124190608064934,0.9086672594820776,0.03720854990985758,0.03214968179677483,0.929314347104343,0.0385359710988822,0.0,1.0,0.0,0.06537453259726347,0.8892292274009994,0.04539624000173699
"['johelconh', 'love', 'libertarianism', 'becoming', 'real', 'alternative', 'venezuela']",Positivo,0.06739327280556268,0.8898568711318485,0.042749856062589284,0.03570383762382117,0.9298702961902288,0.034425866185950366,0.0,1.0,0.0,0.06873552242929276,0.8866850833781155,0.04457939419259175
"['vicbeology', 'dale', 'going', 'give', 'prepaid', 'skype']",Neutral,0.07178700917738103,0.8847978902694175,0.04341510055320308,0.03504261888045073,0.936353692805262,0.028603688314287112,0.0,1.0,0.0,0.059058058695428524,0.9043731754931988,0.03656876581137253
"['vicbeology', 'bb', 'university', 'anymore', 'know', 'expect']",Neutral,0.03631908473349852,0.943032957982584,0.020647957283917703,0.03647322616296377,0.947528021735774,0.015998752101262087,0.0,1.0,0.0,0.051200172461420175,0.9184489577842223,0.030350869754357447
"['know', 'anime', 'got', 'good', 'went', 'flash', 'fighting', 'revolution', 'within', 'totalitarian', 'dystopia']",Neutral,0.04187701043552014,0.9333825565153484,0.024740433049130303,0.03613645403204256,0.9454327840657512,0.01843076190220596,0.0,1.0,0.0,0.052652480366395506,0.9155155656347306,0.03183195399887372
"['come', 'remind', 'studying', 'drawing', 'man', 'makes', 'millions', 'dollars', 'rhyming', 'cycle', 'recycling']",Neutral,0.0764378033769909,0.8731819052468506,0.050380291376160194,0.06278221223286501,0.8890944429993349,0.04812334476779993,0.0,1.0,0.0,0.07329916741016047,0.8779000917192396,0.04880074087060004
"['johelconh', 'answer', 'always', 'southeast']",Neutral,0.054403474123781326,0.9085157489024608,0.0370807769737584,0.05289361303106994,0.9058107777563026,0.041295609212627406,0.0,1.0,0.0,0.06731119411114798,0.8862211777581184,0.046467628130733685
"['mad', 'max', 'caribbean', 'rage']",Negativo,0.12508794876199214,0.7967899588586239,0.07812209237938222,0.0696906478497823,0.8937629365808527,0.03654641556936502,0.0,1.0,0.0,0.07484532719638644,0.880212212657977,0.04494246014563656
"['remember', 'twitter', 'launched', 'like', 'option', 'compete', 'facebook', 'remember', 'facebook', 'launched', 'reactions', 'alternative', 'request', 'like', 'button', 'think', 'time', 'twitter', 'reach', 'reactions']",Neutral,0.02657391451226756,0.9543022072951208,0.019123878192610657,0.01647430752984838,0.9531512195846144,0.030374472885537226,0.0,1.0,0.0,0.04769972276049941,0.9145573769948453,0.03774290024465542
"['marcela', 'bahamon', 'course', 'understand', 'reject', 'compliment', 'first', 'thing', 'would', 'come', 'head', 'self', 'esteem', 'floor', 'dealing', 'millennial', 'feminist', 'offended', 'everything', 'going', 'put', 'show', 'twitter']",Neutral,0.041291726124203766,0.928498875451809,0.03020939842398645,0.02285887479957801,0.924654768667838,0.052486356532584016,0.0,1.0,0.0,0.05389170836006878,0.9035588916066587,0.04254940003327264
['mood'],Neutral,0.10111963425956913,0.8363513863581977,0.06252897938223348,0.07057192794201067,0.8927584246562461,0.03666964740174308,0.0,1.0,0.0,0.0758428847733051,0.8787297677704002,0.045427347456294793
"['vallha', 'asquito', 'play', 'lol']",Positivo,0.06758501807363197,0.8802385086638038,0.05217647326256415,0.05001194903781207,0.8979840121949624,0.052004038767225626,0.0,1.0,0.0,0.07313320266998845,0.869592511824903,0.05727428550510838
"['go', 'skyrim']",Neutral,0.05306803992030955,0.9060675697024952,0.04086439037719597,0.042797220833189216,0.8703044022076727,0.08689837695913823,0.0,1.0,0.0,0.0659081909642409,0.8816814058091305,0.052410403226628696
"['want', 'communist', 'dictator', 'also', 'want', 'know', 'bitch', 'talks', 'shit']",Negativo,0.0388543749973064,0.9445851909972879,0.016560434005407066,0.4656425616568097,0.4618907176902787,0.07246672065291165,1.0,0.0,0.0,0.13156068755771774,0.8098927290212287,0.058546583421053476
"['today', 'entered', 'steam', 'facebook', 'amazon', 'three', 'seen', 'articles', 'opinions', 'clinton', 'agenda', 'democrats', 'reached', 'point', 'anger', 'propaganda', 'stronger', 'propaganda', 'lost', 'memetic', 'war']",Negativo,0.07453805276588447,0.8863893261265025,0.03907262110761205,0.09035039887489114,0.8819111988081079,0.02773840231700097,0.0,1.0,0.0,0.07711289835262443,0.8817921181836097,0.04109498346376594
"['dw', 'espanol', 'wonders', 'given', 'interminal', 'crisis', 'greece', 'tsipras', 'failed', 'damn', 'know', 'could', 'socialism']",Negativo,0.09737408747747432,0.8459476751890109,0.056678237333513376,0.08473266713689012,0.8763373728247755,0.03892996003833442,0.0,1.0,0.0,0.07303618225472414,0.8841279409450196,0.042835876800256426
"['superpanqsito', 'perhaps', 'cm', 'ordered', 'express', 'currency', 'exchange', 'ways', 'photo', 'pinned', 'tweet', 'statement', 'enough', 'expressed', 'account', 'protest', 'must', 'encouraged', 'whenever', 'possible', 'even', 'companies']",Neutral,0.08385670141921732,0.8628122703424234,0.05333102823836031,0.03845370829268912,0.9265344847829584,0.035011806924352566,0.0,1.0,0.0,0.06434328444383565,0.8946603698432979,0.0409963457128664
"['country', 'universities', 'without', 'following', 'partisan', 'supra', 'movement']",Neutral,0.047035656664751915,0.9229667857669288,0.029997557568320694,0.04231442569021263,0.9208200505276322,0.03686552378215514,0.0,1.0,0.0,0.06467434644197738,0.8928757388165613,0.04244991474146133
"['residence', 'lived', 'ccs', 'landlords', 'marginal', 'nouveau', 'riche', 'son', 'age', 'brat', 'age', 'fb', 'courtesy', 'good', 'marginal', 'likes', 'every', 'time', 'criticize', 'mockery', 'marginality', 'country', 'feel', 'alluded']",Neutral,0.09057004145646624,0.8534820603780723,0.05594789816546224,0.03844460143821631,0.9374293423369828,0.024126056224800515,0.0,1.0,0.0,0.059065339455540676,0.904536864751722,0.0363977957927372
"['vicbeology', 'like', 'dry', 'whenever', 'time', 'luck', 'realize', 'problem']",Positivo,0.042920722080257004,0.9237212527437676,0.033358025175974734,0.04172580041834896,0.8765319623004145,0.08174223728123663,0.0,1.0,0.0,0.0626725358604971,0.8826585619970369,0.054668902142465926
"['eat', 'fork', 'eldiariodedross', 'sick', 'fat', 'woman', 'makes', 'soup', 'insists', 'giving', 'spoon', 'going', 'bite', 'hand']",Neutral,0.06963861629743366,0.8834237925428802,0.046937591159687465,0.03675452388822965,0.922042845930278,0.04120263018149229,0.0,1.0,0.0,0.060262331119141935,0.8980389652963645,0.04169870358449356
